,Age.R,Age.pv,Daily Steps.R,Daily Steps.pv,Heart Rate.R,Heart Rate.pv,Physical Activity Level.R,Physical Activity Level.pv,Quality of Sleep.R,Quality of Sleep.pv,Sleep Duration.R,Sleep Duration.pv,Stress Level.R,Stress Level.pv
Age,,,0.05797340294567739,0.2634217639152597,-0.22560619029859336,1.056202486315149e-05,0.1789927204331616,0.0005049878847413751,0.47373387616198803,2.553119182303198e-22,0.34470935816474374,7.117139531216081e-12,-0.4223444826202506,1.3026487155568357e-17
Sleep Duration,0.34470935816474374,7.117139531216081e-12,-0.03953253767573171,0.4459037963980152,-0.5164548885171434,6.914740131846621e-27,0.21236031472575928,3.4666184358491374e-05,0.8832130004106167,2.170991770869847e-124,,,-0.811023027894046,1.2378076181506544e-88
Quality of Sleep,0.47373387616198803,2.553119182303198e-22,0.01679141492471662,0.7461906652961153,-0.6598647331480074,4.131998623368065e-48,0.19289645493975288,0.00017454895247839258,,,0.8832130004106167,2.170991770869847e-124,-0.898752031004042,2.88012424094114e-135
Physical Activity Level,0.1789927204331616,0.0005049878847413751,0.7727230504529332,1.9682558194605665e-75,0.136970983213632,0.007988901083709513,,,0.19289645493975288,0.00017454895247839258,0.21236031472575928,3.4666184358491374e-05,-0.034134463516742895,0.5104666785066971
Stress Level,-0.4223444826202506,1.3026487155568357e-17,0.1868289544588175,0.0002800966329363378,0.6700264629986925,4.492926517154705e-50,-0.034134463516742895,0.5104666785066971,-0.898752031004042,2.88012424094114e-135,-0.811023027894046,1.2378076181506544e-88,,
Heart Rate,-0.22560619029859336,1.056202486315149e-05,-0.030308575297108956,0.5590103117614086,,,0.136970983213632,0.007988901083709513,-0.6598647331480074,4.131998623368065e-48,-0.5164548885171434,6.914740131846621e-27,0.6700264629986925,4.492926517154705e-50
Daily Steps,0.05797340294567739,0.2634217639152597,,,-0.030308575297108956,0.5590103117614086,0.7727230504529332,1.9682558194605665e-75,0.01679141492471662,0.7461906652961153,-0.03953253767573171,0.4459037963980152,0.1868289544588175,0.0002800966329363378
